log,quality_score,recon_time_acc4_s,recon_time_acc8_s,recon_time_s,run_dir,ssim_bbox,ssim_bbox_acc4,ssim_bbox_acc8,ssim_full,ssim_full_acc4,ssim_full_acc8,tag,time_ms_per_slice,time_score,total_score
reports/phase2/EXP030_official_run01_20260710_011126/eval_run.log,0.9143,198.73,185.06,383.79,reports/phase2/repeat_EXP030_official_20260710_011126/EXP030_official_run01_20260710_011126,0.9108,0.9373,0.8844,0.9178,0.9408,0.8949,EXP030_official_run01,173.4,0.0009513541666666666,0.9152513541666667
reports/phase2/EXP030_official_run02_20260710_012039/eval_run.log,0.9143,199.54,184.98,384.52,reports/phase2/repeat_EXP030_official_20260710_011126/EXP030_official_run02_20260710_012039,0.9108,0.9373,0.8844,0.9178,0.9408,0.8949,EXP030_official_run02,173.8,0.0009511458333333334,0.9152511458333333
reports/phase2/EXP030_official_run03_20260710_012953/eval_run.log,0.9143,199.53,184.98,384.51,reports/phase2/repeat_EXP030_official_20260710_011126/EXP030_official_run03_20260710_012953,0.9108,0.9373,0.8844,0.9178,0.9408,0.8949,EXP030_official_run03,173.7,0.0009511979166666667,0.9152511979166666
reports/phase2/EXP030_official_run04_20260710_013908/eval_run.log,0.9143,199.34,185.03,384.36,reports/phase2/repeat_EXP030_official_20260710_011126/EXP030_official_run04_20260710_013908,0.9108,0.9373,0.8844,0.9178,0.9408,0.8949,EXP030_official_run04,173.7,0.0009511979166666667,0.9152511979166666
reports/phase2/EXP030_official_run05_20260710_014821/eval_run.log,0.9143,199.24,184.76,384.01,reports/phase2/repeat_EXP030_official_20260710_011126/EXP030_official_run05_20260710_014821,0.9108,0.9373,0.8844,0.9178,0.9408,0.8949,EXP030_official_run05,173.5,0.0009513020833333333,0.9152513020833334
reports/phase2/EXP030_official_run06_20260710_015735/eval_run.log,0.9143,199.15,184.97,384.11,reports/phase2/repeat_EXP030_official_20260710_011126/EXP030_official_run06_20260710_015735,0.9108,0.9373,0.8844,0.9178,0.9408,0.8949,EXP030_official_run06,173.6,0.0009512500000000001,0.91525125
reports/phase2/EXP030_official_run07_20260710_020648/eval_run.log,0.9143,199.26,184.89,384.15,reports/phase2/repeat_EXP030_official_20260710_011126/EXP030_official_run07_20260710_020648,0.9108,0.9373,0.8844,0.9178,0.9408,0.8949,EXP030_official_run07,173.6,0.0009512500000000001,0.91525125
reports/phase2/EXP030_official_run08_20260710_021602/eval_run.log,0.9143,199.18,184.89,384.07,reports/phase2/repeat_EXP030_official_20260710_011126/EXP030_official_run08_20260710_021602,0.9108,0.9373,0.8844,0.9178,0.9408,0.8949,EXP030_official_run08,173.6,0.0009512500000000001,0.91525125
reports/phase2/EXP030_official_run09_20260710_022516/eval_run.log,0.9143,199.46,184.88,384.35,reports/phase2/repeat_EXP030_official_20260710_011126/EXP030_official_run09_20260710_022516,0.9108,0.9373,0.8844,0.9178,0.9408,0.8949,EXP030_official_run09,173.7,0.0009511979166666667,0.9152511979166666
reports/phase2/EXP030_official_run10_20260710_023430/eval_run.log,0.9143,199.43,184.84,384.27,reports/phase2/repeat_EXP030_official_20260710_011126/EXP030_official_run10_20260710_023430,0.9108,0.9373,0.8844,0.9178,0.9408,0.8949,EXP030_official_run10,173.6,0.0009512500000000001,0.91525125
reports/phase2/EXP030_official_run11_20260710_024343/eval_run.log,0.9143,199.11,184.78,383.89,reports/phase2/repeat_EXP030_official_20260710_011126/EXP030_official_run11_20260710_024343,0.9108,0.9373,0.8844,0.9178,0.9408,0.8949,EXP030_official_run11,173.5,0.0009513020833333333,0.9152513020833334
reports/phase2/EXP030_official_run12_20260710_025256/eval_run.log,0.9143,199.26,185.0,384.26,reports/phase2/repeat_EXP030_official_20260710_011126/EXP030_official_run12_20260710_025256,0.9108,0.9373,0.8844,0.9178,0.9408,0.8949,EXP030_official_run12,173.6,0.0009512500000000001,0.91525125
reports/phase2/EXP030_official_run13_20260710_030210/eval_run.log,0.9143,199.28,184.86,384.14,reports/phase2/repeat_EXP030_official_20260710_011126/EXP030_official_run13_20260710_030210,0.9108,0.9373,0.8844,0.9178,0.9408,0.8949,EXP030_official_run13,173.6,0.0009512500000000001,0.91525125
reports/phase2/EXP030_official_run14_20260710_031123/eval_run.log,0.9143,199.16,184.77,383.93,reports/phase2/repeat_EXP030_official_20260710_011126/EXP030_official_run14_20260710_031123,0.9108,0.9373,0.8844,0.9178,0.9408,0.8949,EXP030_official_run14,173.5,0.0009513020833333333,0.9152513020833334
reports/phase2/EXP030_official_run15_20260710_032036/eval_run.log,0.9143,199.25,184.72,383.97,reports/phase2/repeat_EXP030_official_20260710_011126/EXP030_official_run15_20260710_032036,0.9108,0.9373,0.8844,0.9178,0.9408,0.8949,EXP030_official_run15,173.5,0.0009513020833333333,0.9152513020833334
reports/phase2/EXP030_official_run16_20260710_032950/eval_run.log,0.9143,199.43,184.88,384.31,reports/phase2/repeat_EXP030_official_20260710_011126/EXP030_official_run16_20260710_032950,0.9108,0.9373,0.8844,0.9178,0.9408,0.8949,EXP030_official_run16,173.7,0.0009511979166666667,0.9152511979166666
reports/phase2/EXP030_official_run17_20260710_033904/eval_run.log,0.9143,199.19,184.76,383.95,reports/phase2/repeat_EXP030_official_20260710_011126/EXP030_official_run17_20260710_033904,0.9108,0.9373,0.8844,0.9178,0.9408,0.8949,EXP030_official_run17,173.5,0.0009513020833333333,0.9152513020833334
reports/phase2/EXP030_official_run18_20260710_034817/eval_run.log,0.9143,199.35,184.91,384.26,reports/phase2/repeat_EXP030_official_20260710_011126/EXP030_official_run18_20260710_034817,0.9108,0.9373,0.8844,0.9178,0.9408,0.8949,EXP030_official_run18,173.6,0.0009512500000000001,0.91525125
reports/phase2/EXP030_official_run19_20260710_035731/eval_run.log,0.9143,199.31,184.89,384.2,reports/phase2/repeat_EXP030_official_20260710_011126/EXP030_official_run19_20260710_035731,0.9108,0.9373,0.8844,0.9178,0.9408,0.8949,EXP030_official_run19,173.6,0.0009512500000000001,0.91525125
reports/phase2/EXP030_official_run20_20260710_040645/eval_run.log,0.9143,199.36,184.93,384.29,reports/phase2/repeat_EXP030_official_20260710_011126/EXP030_official_run20_20260710_040645,0.9108,0.9373,0.8844,0.9178,0.9408,0.8949,EXP030_official_run20,173.7,0.0009511979166666667,0.9152511979166666
reports/phase2/EXP030_official_run21_20260710_041558/eval_run.log,0.9143,199.15,184.85,384.0,reports/phase2/repeat_EXP030_official_20260710_011126/EXP030_official_run21_20260710_041558,0.9108,0.9373,0.8844,0.9178,0.9408,0.8949,EXP030_official_run21,173.5,0.0009513020833333333,0.9152513020833334
reports/phase2/EXP030_official_run22_20260710_042511/eval_run.log,0.9143,199.26,184.83,384.09,reports/phase2/repeat_EXP030_official_20260710_011126/EXP030_official_run22_20260710_042511,0.9108,0.9373,0.8844,0.9178,0.9408,0.8949,EXP030_official_run22,173.6,0.0009512500000000001,0.91525125
reports/phase2/EXP030_official_run23_20260710_043425/eval_run.log,0.9143,199.26,185.05,384.31,reports/phase2/repeat_EXP030_official_20260710_011126/EXP030_official_run23_20260710_043425,0.9108,0.9373,0.8844,0.9178,0.9408,0.8949,EXP030_official_run23,173.7,0.0009511979166666667,0.9152511979166666
reports/phase2/EXP030_official_run24_20260710_044339/eval_run.log,0.9143,199.52,184.73,384.25,reports/phase2/repeat_EXP030_official_20260710_011126/EXP030_official_run24_20260710_044339,0.9108,0.9373,0.8844,0.9178,0.9408,0.8949,EXP030_official_run24,173.6,0.0009512500000000001,0.91525125
reports/phase2/EXP030_official_run25_20260710_045253/eval_run.log,0.9143,199.24,184.75,384.0,reports/phase2/repeat_EXP030_official_20260710_011126/EXP030_official_run25_20260710_045253,0.9108,0.9373,0.8844,0.9178,0.9408,0.8949,EXP030_official_run25,173.5,0.0009513020833333333,0.9152513020833334
reports/phase2/EXP030_official_run26_20260710_050206/eval_run.log,0.9143,199.21,184.85,384.07,reports/phase2/repeat_EXP030_official_20260710_011126/EXP030_official_run26_20260710_050206,0.9108,0.9373,0.8844,0.9178,0.9408,0.8949,EXP030_official_run26,173.6,0.0009512500000000001,0.91525125
reports/phase2/EXP030_official_run27_20260710_051119/eval_run.log,0.9143,199.25,184.97,384.23,reports/phase2/repeat_EXP030_official_20260710_011126/EXP030_official_run27_20260710_051119,0.9108,0.9373,0.8844,0.9178,0.9408,0.8949,EXP030_official_run27,173.6,0.0009512500000000001,0.91525125
reports/phase2/EXP030_official_run28_20260710_052032/eval_run.log,0.9143,199.39,184.84,384.23,reports/phase2/repeat_EXP030_official_20260710_011126/EXP030_official_run28_20260710_052032,0.9108,0.9373,0.8844,0.9178,0.9408,0.8949,EXP030_official_run28,173.6,0.0009512500000000001,0.91525125
reports/phase2/EXP030_official_run29_20260710_052946/eval_run.log,0.9143,199.16,184.94,384.1,reports/phase2/repeat_EXP030_official_20260710_011126/EXP030_official_run29_20260710_052946,0.9108,0.9373,0.8844,0.9178,0.9408,0.8949,EXP030_official_run29,173.6,0.0009512500000000001,0.91525125
reports/phase2/EXP030_official_run30_20260710_053859/eval_run.log,0.9143,199.28,184.77,384.05,reports/phase2/repeat_EXP030_official_20260710_011126/EXP030_official_run30_20260710_053859,0.9108,0.9373,0.8844,0.9178,0.9408,0.8949,EXP030_official_run30,173.5,0.0009513020833333333,0.9152513020833334
